{
    "model_name": "Bitcoin_LSTM",
    "architecture": "LSTM",
    "training_completed": true,
    "metrics": {
        "MSE": 0.7860403974792364,
        "RMSE": 0.8865891931888389,
        "NRMSE": 74.24522139976618,
        "MAE": 0.8189636833316286,
        "R2": -5.376468291871597,
        "MAPE": 76.79279790575633,
        "Directional_Accuracy": 47.14285714285714
    },
    "creation_date": "2025-06-17T06:11:27.037853",
    "config": {
        "type": "LSTM",
        "input_shape": [
            30,
            30
        ],
        "lookback": 30,
        "features_count": 30
    }
}