{
    "model_name": "Bitcoin_GRU",
    "architecture": "GRU",
    "training_completed": true,
    "metrics": {
        "MSE": 0.52563369510641,
        "RMSE": 0.7250059966003108,
        "NRMSE": 60.71383584108618,
        "MAE": 0.6298852576628664,
        "R2": -3.264013148349494,
        "MAPE": 53.9344970484566,
        "Directional_Accuracy": 55.00000000000001
    },
    "creation_date": "2025-06-17T06:12:34.147734",
    "config": {
        "type": "GRU",
        "input_shape": [
            30,
            30
        ],
        "lookback": 30,
        "features_count": 30
    }
}