{
    "model_name": "Bitcoin_GRU",
    "architecture": "GRU",
    "training_completed": true,
    "metrics": {
        "MSE": 245526692.639916,
        "RMSE": 15669.291389208256,
        "NRMSE": 16.46605695136653,
        "MAE": 13795.71879913522,
        "R2": -1.9492625818592195,
        "MAPE": 13.97787060390214,
        "Directional_Accuracy": 46.835443037974684
    },
    "creation_date": "2025-06-17T02:14:06.853712",
    "config": {
        "type": "GRU",
        "input_shape": [
            40,
            52
        ],
        "lookback": 40,
        "features_count": 52
    }
}