{
    "model_name": "Ethereum_GRU",
    "architecture": "GRU",
    "training_completed": true,
    "metrics": {
        "MSE": 0.8088578028558746,
        "RMSE": 0.8993652221738812,
        "NRMSE": -260.8583977066035,
        "MAE": 0.7341115034255415,
        "R2": -1.5519717327620217,
        "MAPE": 1072.7389178157948,
        "Directional_Accuracy": 50.0
    },
    "creation_date": "2025-06-17T06:15:47.103958",
    "config": {
        "type": "GRU",
        "input_shape": [
            30,
            30
        ],
        "lookback": 30,
        "features_count": 30
    }
}