{
    "model_name": "Ethereum_LSTM_ADVANCED",
    "architecture": "LSTM_ADVANCED",
    "training_completed": true,
    "metrics": {
        "MSE": 243898.19259250382,
        "RMSE": 493.8604991214663,
        "NRMSE": 20.91347774506594,
        "MAE": 414.8152411045172,
        "R2": 0.10735654370792169,
        "MAPE": 19.153701873874997,
        "Directional_Accuracy": 56.12903225806451
    },
    "creation_date": "2025-06-17T03:30:10.754507",
    "config": {
        "type": "LSTM_ADVANCED",
        "input_shape": [
            40,
            26
        ],
        "lookback": 40,
        "features_count": 26
    }
}