{
    "model_name": "Ethereum_CNN_LSTM",
    "architecture": "CNN_LSTM",
    "training_completed": true,
    "metrics": {
        "MSE": 154749.42246923156,
        "RMSE": 393.38203119770424,
        "NRMSE": 16.65852273951267,
        "MAE": 325.7791341145833,
        "R2": 0.4336322960665374,
        "MAPE": 13.90043945431424,
        "Directional_Accuracy": 47.096774193548384
    },
    "creation_date": "2025-06-17T03:30:46.295385",
    "config": {
        "type": "CNN_LSTM",
        "input_shape": [
            40,
            26
        ],
        "lookback": 40,
        "features_count": 26
    }
}