{
    "model_name": "Ethereum_LSTM",
    "architecture": "LSTM",
    "training_completed": true,
    "metrics": {
        "MSE": 0.7936771937288809,
        "RMSE": 0.8908856232586094,
        "NRMSE": -258.39891347072677,
        "MAE": 0.6886292889967234,
        "R2": -1.5040764349217661,
        "MAPE": 2958.0027679703016,
        "Directional_Accuracy": 47.85714285714286
    },
    "creation_date": "2025-06-17T06:14:38.808733",
    "config": {
        "type": "LSTM",
        "input_shape": [
            30,
            30
        ],
        "lookback": 30,
        "features_count": 30
    }
}